INSERT INTO `department` (`code`, `name`, `dicated_place`, `Bulding`) VALUES
('comp', 'Computer', NULL, 'main-extension'),
('civil', 'Civil', NULL, ' extension'),
('comm', 'Communication', NULL, 'main'),
('arch', 'Architecture', NULL, 'extension'),
('mech', 'Mechanical', NULL, 'main');
INSERT INTO `courses` (`code`, `name`, `period_lecture`, `period_section`, `period_lab`, `credit_hours`, `Regulation`) VALUES
('CMP461', 'Project-1', '2', '0', '0', '2', 2012),
('CMP422', 'Graphics', '2', '1', '2', '3', 2012),
('CMP424', 'Computer Network', '3', '2', '0', '4', 2012),
('CMP426', 'Logic 2', '2', '2', '2', '3', 2012),
('CMP435', 'operating System', '2', '2', '0', '3', 2012),
('CMP436', 'Software Engineering', '2', '2', '0', '3', 2012),
('CMP522', 'Artificial Intelligence', '2', '2', '0', '4', 2012),
('CMP524', 'Computer Modeling and Simulation', '2', '2', '0', '3', 2012),
('CMP538', 'Pattern Recognition', '2', '2', '0', '3', 2012),
('ELC422', 'Digital Signal Processing', '2', '2', '2', '3', 2012),
('P2A', 'Project-2-a', '2', '0', '0', '3', 2012),
('P2B', 'Project-2-b', '2', '0', '0', '3', 2012);
INSERT INTO `engineers` (`ID`, `name`, `phone`, `mail`, `hour_per_week`, `free_time`, `Vacation_size`, `Number_Of_Office_periods`, `Department_code`) VALUES 
(NULL, 'عبد الكريم', NULL, NULL, 24, 'Tuesday', NULL, NULL, 'comm'),
(NULL, 'سعاد', NULL, NULL, 24, 'Tuesday', NULL, NULL, 'comp'),
(NULL, 'شيري', NULL, NULL, 24, 'Sunday', NULL, NULL, 'comp'),
(NULL, 'محمود', NULL, NULL, 24, 'Monday', NULL, NULL, 'comp'),
(NULL, 'شيرين', NULL, NULL, 24, 'Monday', NULL, NULL, 'comp'),
(NULL, 'مشيرة', NULL, NULL, 24, 'Sunday', NULL, NULL, 'comp'),
(NULL, 'احمد عصمت', NULL, NULL, 24, 'Tuesday', NULL, NULL, 'comp'),
(NULL, 'روضة', NULL, NULL, 24, 'Thursday', NULL, NULL, 'comp'),
(NULL, 'هدير حسام', NULL, NULL, 24, 'Thursday', NULL, NULL, 'comp'),
(NULL, 'هدير كمال', NULL, NULL, 24, 'Thursday', NULL, NULL, 'comp');
INSERT INTO `engineers_has_courses` (`engineers_ID`, `Courses_code`) VALUES
(2, 'CMP422'),
(4, 'CMP422'),
(8, 'CMP422'),
(9, 'CMP424'),
(7, 'CMP426'),
(5, 'CMP435'),
(10, 'CMP435'),
(8, 'CMP436'),
(9, 'CMP436'),
(5, 'CMP522'),
(2, 'CMP524'),
(4, 'CMP524'),
(3, 'CMP538'),
(6, 'CMP538'),
(1, 'ELC422');
INSERT INTO `professor` (`ID`, `name`, `phone`, `mail`, `hour_per_week`, `free_time`, `supervision_hour`, `vacation_size`, `Number_Of_Office_periodes`, `Department_code`) VALUES
(NULL, 'صبري', NULL, NULL, 16, 'Sunday', NULL, NULL, NULL, 'comp'),
(NULL, 'فودة', NULL, NULL, 16, 'Monday', NULL, NULL, NULL, 'comp'),
(NULL, 'سمير كمال', NULL, NULL, 16, 'Tuesday', NULL, NULL, NULL, 'comm'),
(NULL, 'عاصم', NULL, NULL, 16, 'Tuesday', NULL, NULL, NULL, 'comp'),
(NULL, 'وفائي', NULL, NULL, 16, 'Wednesday', NULL, NULL, NULL, 'comp'),
(NULL, 'سهام', NULL, NULL, 16, 'Wednesday', NULL, NULL, NULL, 'comp'),
(NULL, 'خالد مرسي', NULL, NULL, 16, 'Tuesday', NULL, NULL, NULL, 'comp');
INSERT INTO `professor_has_courses` (`Professor_ID`, `Courses_code`) VALUES
(1, 'CMP436'),
(1, 'CMP522'),
(2, 'CMP524'),
(2, 'CMP538'),
(3, 'ELC422'),
(4, 'CMP426'),
(5, 'CMP424'),
(6, 'CMP422'),
(7, 'CMP435'),
(1, 'P2B'),
(2, 'P2B'),
(4, 'P2B'),
(7, 'P2B'),
(1, 'CMP461'),
(2, 'CMP461'),
(4, 'CMP461'),
(7, 'CMP461');
INSERT INTO `levels` (`code`, `level`, `total_no_of_student`, `no_of_sections`, `semester`, `Department_code`) VALUES 
('2_comp_spring_2012', '2', '120', 4, 'spring', 'comp'),
('2_comp_autumn_2012', '2', '120', 4, 'autumn', 'comp'),
('3_comp_spring_2012', '3', '120', 4, 'spring', 'comp'), 
('3_comp_autumn_2012', '3', '120', 4, 'autumn', 'comp'), 
('4_comp_spring_2012', '4', '90', 3, 'spring', 'comp'),
('4_comp_autumn_2012', '4', '90', 3, 'autumn', 'comp');
INSERT INTO `levels_has_courses` (`levels_code`, `Courses_code`) VALUES 
('4_comp_spring_2012', 'P2B'),
('4_comp_spring_2012', 'CMP522'),
('4_comp_spring_2012', 'CMP538'), 
('4_comp_spring_2012', 'CMP524'), 
('4_comp_spring_2012', 'ELC422'), 
('3_comp_spring_2012', 'CMP461'), 
('3_comp_spring_2012', 'CMP422'), 
('3_comp_spring_2012', 'CMP424'),
('3_comp_spring_2012', 'CMP426'), 
('3_comp_spring_2012', 'CMP435'), 
('3_comp_spring_2012', 'CMP436');
INSERT INTO `place` (`code`, `address`, `bulding`, `no_of_chairs`, `specification`, `type`) VALUES 
('R1', 'R1 Address', NULL, NULL, NULL, 'lecture'),
('R2', 'R2 Address', NULL, NULL, NULL, 'lecture'),
('R3', 'R3 Address', NULL, NULL, NULL, 'lecture'),
('R4', 'R4 Address', NULL, NULL, NULL, 'lecture'),
('R5', 'R5 Address', NULL, NULL, NULL, 'lecture'),
('R6', 'R6 Address', NULL, NULL, NULL, 'lecture'),
('R7', 'R7 Address', NULL, NULL, NULL, 'lecture'),
('R8', 'R8 Address', NULL, NULL, NULL, 'lecture'),
('R9', 'R9 Address', NULL, NULL, NULL, 'lecture'),
('R10', 'R10 Address', NULL, NULL, NULL, 'lecture'),
('R11', 'R11 Address', NULL, NULL, NULL, 'lecture'),
('R12', 'R12 Address', NULL, NULL, NULL, 'lecture'),
('L1', 'L1 Address', NULL, NULL, NULL, 'lecture'),
('L2', 'L2 Address', NULL, NULL, NULL, 'lecture'),
('L3', 'L3 Address', NULL, NULL, NULL, 'lecture'),
('L4', 'L4 Address', NULL, NULL, NULL, 'lecture'),
('L5', 'L5 Address', NULL, NULL, NULL, 'lecture'),
('L6', 'L6 Address', NULL, NULL, NULL, 'lecture'),
('L7', 'L7 Address', NULL, NULL, NULL, 'lecture'),
('L8', 'L8 Address', NULL, NULL, NULL, 'lecture'),
('L9', 'L9 Address', NULL, NULL, NULL, 'lecture'),
('L10', 'L10 Address', NULL, NULL, NULL, 'lecture'),
('L11', 'L11 Address', NULL, NULL, NULL, 'lecture'),
('L12', 'L12 Address', NULL, NULL, NULL, 'lecture'),
('S1', 'S1 Address', NULL, NULL, NULL, 'section'),
('S2', 'S2 Address', NULL, NULL, NULL, 'section'),
('S3', 'S3 Address', NULL, NULL, NULL, 'section'),
('S4', 'S4 Address', NULL, NULL, NULL, 'section'),
('S5', 'S5 Address', NULL, NULL, NULL, 'section'),
('S6', 'S6 Address', NULL, NULL, NULL, 'section'),
('S7', 'S7 Address', NULL, NULL, NULL, 'section'),
('S8', 'S8 Address', NULL, NULL, NULL, 'section'),
('S9', 'S9 Address', NULL, NULL, NULL, 'section'),
('S10', 'S10 Address', NULL, NULL, NULL, 'section'),
('S11', 'S11 Address', NULL, NULL, NULL, 'section'),
('S12', 'S12 Address', NULL, NULL, NULL, 'section'),
('S13', 'S13 Address', NULL, NULL, NULL, 'section'),
('S14', 'S14 Address', NULL, NULL, NULL, 'section'),
('S15', 'S15 Address', NULL, NULL, NULL, 'section'),
('S16', 'S16 Address', NULL, NULL, NULL, 'section'),
('S17', 'S17 Address', NULL, NULL, NULL, 'section'),
('S18', 'S18 Address', NULL, NULL, NULL, 'section'),
('S19', 'S19 Address', NULL, NULL, NULL, 'section'),
('S20', 'S20 Address', NULL, NULL, NULL, 'section'),
('SN1', 'SN1 Address', NULL, NULL, NULL, 'section'),
('SN2', 'SN2 Address', NULL, NULL, NULL, 'section'),
('SN3', 'SN3 Address', NULL, NULL, NULL, 'section'),
('SN4', 'SN4 Address', NULL, NULL, NULL, 'section'),
('SN5', 'SN5 Address', NULL, NULL, NULL, 'section'),
('SN6', 'SN6 Address', NULL, NULL, NULL, 'section'),
('SN7', 'SN7 Address', NULL, NULL, NULL, 'section'),
('SN8', 'SN8 Address', NULL, NULL, NULL, 'section'),
('SN9', 'SN9 Address', NULL, NULL, NULL, 'section'),
('SN10', 'SN10 Address', NULL, NULL, NULL, 'section'),
('SN11', 'SN11 Address', NULL, NULL, NULL, 'section'),
('SN12', 'SN12 Address', NULL, NULL, NULL, 'section'),
('SN13', 'SN13 Address', NULL, NULL, NULL, 'section'),
('SN14', 'SN14 Address', NULL, NULL, NULL, 'section'),
('SN15', 'SN15 Address', NULL, NULL, NULL, 'section'),
('SN16', 'SN16 Address', NULL, NULL, NULL, 'section'),
('SN17', 'SN17 Address', NULL, NULL, NULL, 'section'),
('SN18', 'SN18 Address', NULL, NULL, NULL, 'section'),
('SN19', 'SN19 Address', NULL, NULL, NULL, 'section'),
('SN20', 'SN20 Address', NULL, NULL, NULL, 'section'),
('lab3', 'Lab3 Address', NULL, NULL, 'CMP422', 'lab'),
('lab2', 'Lab2 Address', NULL, NULL, 'CMP426', 'lab'),
('dsp_lab', 'DSP Lab Address', NULL, NULL, 'ELC422', 'lab');
INSERT INTO `admin` (`ID`, `name`, `mail`, `user_name`, `password`, `privileges`) VALUES (NULL, 'Admin', NULL, 'admin', SHA1('admin'), NULL);
